Abbevile	Abbeville	GA
Abeville	Abbeville	GA
Abiline	Abilene	TX
Adamsvile	Adamsville	TN
Acron	Akron	OH
Alabastre	Alabaster	AL
Alamedda	Alameda	CA
Alamusa	Alamosa	CO
Allbany	Albany	NY
Albanee	Albany	OR
Albny	Albany	OR
Albertvile	Albertville	AL
Abaquerque	Albuquerque	NM
Albequerque	Albuquerque	NM
Albuqerque	Albuquerque	NM
Albuquerqe	Albuquerque	NM
Allgona	Algona	WA
Allgona	Algona	IA
Algonkwen	Algonquin	IL
Algonkwin	Algonquin	IL
Algonquen	Algonquin	IL
Alentown	Allentown	PA
Amla	Alma	AR
Andarson	Anderson	SC
An Arbor	Ann Arbor	MI
Anapolis	Annapolis	MD
Aniston	Anniston	AL
Annoka	Anoka	MN
Anthoy	Anthony	NM
Apach Junction	Apache Junction	AZ
Apache Junktion	Apache Junction	AZ
Apecks	Apex	NC
Apexs	Apex	NC
Artesea	Artesia	MS
Avrada	Arvada	CO
Rvada	Arvada	CO
Ashtown	Ashton	ID
Aspin	Aspen	CO
Athins	Athens	GA
Atthol	Athol	MA
Altanta	Atlanta	GA
Aburn	Auburn	AL
Aubern	Auburn	WA
Uaburn	Auburn	WA
Alt	Ault	CO
Ult	Ault	CO
Arora	Aurora	CO
Uarora	Aurora	IL
Austen	Austin	TX
Bakersfeild	Bakersfield	CA
Baltimor	Baltimore	MD
Bandere	Bandera	TX
Bandira	Bandera	TX
Banger	Bangor	ME
Bardston	Bardstown	KY
Bare	Barre	VT
Batevia	Batavia	IL
Bakster Springs	Baxter Springs	KS
Bayo La Bater	Bayou La Batre	AL
Bayo La Batre	Bayou La Batre	AL
Bayou La Bater	Bayou La Batre	AL
Bayuo La Batre	Bayou La Batre	AL
Boyu La Bater	Bayou La Batre	AL
Boyu La Batre	Bayou La Batre	AL
Baerdstown	Beardstown	IL
Baettie	Beattie	KS
Beatie	Beattie	KS
Beever	Beaver	OK
Bever	Beaver	OK
Beleevue	Bellevue	WA
Belleveu	Bellevue	WA
Belingham	Bellingham	WA
Belinghem	Bellingham	WA
Belsoni	Belzoni	MS
Bemedji	Bemidji	MN
Bemidje	Bemidji	MN
Bemidjee	Bemidji	MN
Berae	Berea	KY
Berkley	Berkeley	CA
Berklui	Berkeley	CA
Berkly	Berkeley	CA
Berlen	Berlin	NH
Burlin	Berlin	NH
Berian Springs	Berrien Springs	MI
Brerrian Springs	Berrien Springs	MI
Berryvile	Berryville	AR
Berthood	Berthoud	CO
Burthoud	Berthoud	CO
Bertrim	Bertram	TX
Besemer	Bessemer	AL
Betheny Beach	Bethany Beach	DE
Bethleham	Bethlehem	CT
Bethleham	Bethlehem	PA
Bilcksi	Biloxi	MS
Bilocksi	Biloxi	MS
Bimghamton	Binghamton	NY
Bermingham	Birmingham	AL
Berminghum	Birmingham	AL
Birminghum	Birmingham	AL
Brimingham	Birmingham	AL
Bisshop	Bishop	CA
Bloomingtown	Bloomington	IL
Bluefeild	Bluefield	WV
Bonne	Boone	NC
Bostun	Boston	MA
Bothel	Bothell	WA
Bolder	Boulder	CO
Bozman	Bozeman	MT
Braeux Bridge	Breaux Bridge	LA
Brekenridge	Breckenridge	CO
Breverd	Brevard	NC
Brigdeport	Bridgeport	CT
Brinckley	Brinkley	AR
Bristel	Bristol	TN
Bristil	Bristol	TN
Bristal	Bristol	CT
Bristel	Bristol	CT
Bristel	Bristol	VA
Brocktun	Brockton	MA
Brocton	Brockton	MA
Brokton	Brockton	MA
Brooklen	Brooklyn	NY
Brunswik	Brunswick	MO
Benua	Buena Park	CA
Beuna	Buena Park	CA
Bunena	Buena Park	CA
Buhll	Buhl	ID
Bulh	Buhl	ID
Bull	Buhl	ID
Berlington	Burlington	VT
Bute	Butte	MT
Butt	Butte	MT
Biram Township	Byram Township	NJ
Kalabash	Calabash	NC
Callwel	Caldwell	TX
Callwell	Caldwell	TX
Calwel	Caldwell	TX
Campbel	Campbell	CA
Campbele	Campbell	CA
Cannon	Canon	GA
Carbundale	Carbondale	CO
Carboro	Carrboro	NC
Carrborro	Carrboro	NC
Castro Ville	Castroville	CA
Castrovile	Castroville	CA
Carker City	Cawker City	KS
Cederedge	Cedaredge	CO
Centrel City	Central City	CO
Chadborn	Chadbourn	NC
Champaign Urbana	Champaign-Urbana	IL
Champaigne-Urbana	Champaign-Urbana	IL
Champain -Urbana	Champaign-Urbana	IL
Chandlur	Chandler	AZ
Charleton	Charleston	SC
Charlote	Charlotte	NC
Chatswoorth	Chatsworth	CA
Chatswourth	Chatsworth	CA
Chatanoga	Chattanooga	TN
Chatanooga	Chattanooga	TN
Chattanoga	Chattanooga	TN
Cherryfeild	Cherryfield	ME
Chessire	Cheshire	CT
Cheyene	Cheyenne	WY
Chicargo	Chicago	IL
Checo	Chico	CA
Cheico	Chico	CA
Cheiko	Chico	CA
Cheko	Chico	CA
Chiko	Chico	CA
Chewla Vista	Chula Vista	CA
Chola Vista	Chula Vista	CA
Chuula Vista	Chula Vista	CA
Churobusco	Churubusco	IN
Churubesco	Churubusco	IN
Cincinati	Cincinnati	OH
Cinsinati	Cincinnati	OH
Cinsinnati	Cincinnati	OH
Sincinati	Cincinnati	OH
Sincinnati	Cincinnati	OH
Sinsinati	Cincinnati	OH
Circlevile	Circleville	OH
Clerk	Clark	SD
Clarksvile	Clarksville	TN
Claxtown	Claxton	GA
Clevland	Cleveland	OH
Clefton	Clifton	TX
Cliften	Clifton	TX
Cliftin	Clifton	TX
Cloves	Clovis	CA
Kloves	Clovis	CA
Klovis	Clovis	CA
Coachela	Coachella	CA
Coahcela	Coachella	CA
Coahcella	Coachella	CA
Cochela	Coachella	CA
Cochella	Coachella	CA
Cocanut	Coconut Creek	FL
Codee	Cody	WY
Codi	Cody	WY
Collinsvile	Collinsville	IL
Collonial Beach	Colonial Beach	VA
Colquit	Colquitt	GA
Culquitt	Colquitt	GA
Columbea	Columbia	SC
Clumbia	Columbia	MD
Colubia	Columbia	MD
Calumbus	Columbus	IN
Columbas	Columbus	IN
Colubus	Columbus	OH
Colvile	Colville	WA
Comptan	Compton	CA
Compten	Compton	CA
Concerd	Concord	NH
Conaway	Conway	AR
Connway	Conway	AR
Cooperston	Cooperstown	NY
Coperstown	Cooperstown	NY
Corel Springs	Coral Springs	FL
Cordell	Cordele	GA
Cornning	Corning	CA
Cornning	Corning	NY
Carona	Corona	CA
Coricana	Corsicana	TX
Corsikana	Corsicana	TX
Cotonwood Heights	Cottonwood Heights	UT
Cottonwod Heights	Cottonwood Heights	UT
Cosad	Cozad	NE
Cozzad	Cozad	NE
Cranferd	Cranford	NJ
Crawferd	Crawford	NE
Crede	Creede	CO
Creed	Creede	CO
Crested But	Crested Butte	CO
Crested Bute	Crested Butte	CO
Crested Butt	Crested Butte	CO
Crisfeild	Crisfield	MD
Crsytal Lake	Crystal Lake	IL
Ceuro	Cuero	TX
Cuaro	Cuero	TX
Dawlten	Dalton	GA
Dawlton	Dalton	GA
Dally City	Daly City	CA
Danbery	Danbury	CT
Danebrog	Dannebrog	NE
Dannesborg	Dannebrog	NE
Danvile	Danville	KY
Daveis	Davis	CA
Dayvis	Davis	CA
Davisen	Davison	MI
Dawsin	Dawsen	GA
Daeton	Dayton	OH
Daytown	Dayton	OH
Decater	Decatur	AL
Decauter	Decatur	AL
Decautur	Decatur	AL
Dear Trail	Deer Trail	CO
Decalb	DeKalb	IL
DeeKalb	DeKalb	IL
Daland	Deland	FL
Delphis	Delphos	OH
Delphus	Delphos	OH
Demopalis	Demopolis	AL
Denvar	Denver	CO
Denvile	Denville	NJ
Darby	Derby	CT
Dery	Derry	NH
Des Alemands	Des Allemands	LA
Des Monies	Des Moines	IA
Detriot	Detroit	MI
Dicinson	Dickinson	ND
Dinuuba	Dinuba	CA
Dogde City	Dodge City	KS
Duoglas	Douglas	AL
Doglas	Douglas	WY
Dove Creak	Dove Creek	CO
Dovar	Dover	DE
Draytown	Drayton	ND
Drumrite	Drumright	OK
Debach	Dubach	LA
Deluth	Duluth	MN
Domas	Dumas	AR
Dummas	Dumas	AR
Duncanvile	Duncanville	TX
Derango	Durango	CO
Dyersvile	Dyersville	IA
Dyerville	Dyersville	IA
Aegle Lake	Eagle Lake	TX
Eeton	Eaton	CO
Eu Claire	Eau Claire	MI
Egdewater	Edgewater	CO
Eil Paso	El Paso	TX
Il Pase	El Paso	TX
L'Paso	El Paso	TX
El Rino	El Reno	OK
L Rino	El Reno	OK
Elberten	Elberton	GA
Elbertun	Elberton	GA
Elgen	Elgin	SC
Lgen	Elgin	SC
Lgin	Elgin	SC
Elgen	Elgin	TX
Elisabethton	Elizabethton	TN
Elizabetham	Elizabethton	TN
Elizabethten	Elizabethton	TN
Elkheart	Elkhart	IN
Ellkhart	Elkhart	IN
Emmerson	Emerson	AR
Emetsburg	Emmetsburg	IA
Emmitsburg	Emmetsburg	IA
Imunclaw	Enumclaw	WA
Eerie	Erie	PA
Erei	Erie	PA
Irwin	Erwin	NC
Ufaula	Eufaula	AL
Eugean	Eugene	OR
Ugene	Eugene	OR
Eutes	Eustis	FL
Ustis	Eustis	FL
Fairfeild	Fairfield	IA
Fallbroock	Fallbrook	CA
Falon	Fallon	NV
Farmingten	Farmington	ME
Faeteville	Fayetteville	AR
Faetteville	Fayetteville	AR
Fayeteville	Fayetteville	AR
Fayettville	Fayetteville	AR
Fayetville	Fayetteville	AR
Fayetevile	Fayetteville	NC
Fayeteville	Fayetteville	NC
Fayettevile	Fayetteville	NC
Fayetvile	Fayetteville	NC
Fayetville	Fayetteville	NC
Fernadina Beach	Fernandina Beach	FL
Fernandena Beach	Fernandina Beach	FL
Flagstaf	Flagstaff	AZ
Floorida	Florida	NY
Forestvile	Forestville	CA
Forrestville	Forestville	CA
Fort Colins	Fort Collins	CO
Fort Dogde	Fort Dodge	IA
Fort Laderdale	Fort Lauderdale	FL
Fort Le	Fort Lee	NJ
Fort Miers	Fort Myers	FL
Fort Pane	Fort Payne	AL
Fort Tompson	Fort Thompson	SD
Fort Waine	Fort Wayne	IN
Fort Wayn	Fort Wayne	IN
Fort Wort	Fort Worth	TX
Fortesceu	Fortescue	NJ
Fortescu	Fortescue	NJ
Fruta	Fruita	CO
Fullton	Fulton	NY
Gainsvile	Gainesville	FL
Gainsvile	Gainesville	GA
Galalee	Galilee	RI
Gallilee	Galilee	RI
Gallop	Gallup	NM
Galverten	Galveston	TX
Galvestin	Galveston	TX
Garry	Gary	IN
Gaelord	Gaylord	MI
Genao	Genoa	NV
Gillroy	Gilroy	CA
Girad	Girard	KS
Glendele	Glendale	CA
Glendeve	Glendive	MT
Glocester	Gloucester	MA
Glochester	Gloucester	MA
Goeleta	Goleta	CA
Golleta	Goleta	CA
Gonzals	Gonzales	LA
Granvile	Granville	NY
Greely	Greeley	CO
Greley	Greeley	CO
Green Forrest	Green Forest	AR
Greenfeild	Greenfield	CA
Greenvile	Greenville	AL
Greenvile	Greenville	SC
Greenwod	Greenwood	SC
Grideley	Gridley	CA
Grifin	Griffin	GA
Griggsvile	Griggsville	IL
Grigsville	Griggsville	IL
Grinell	Grinnell	IA
Grinnel	Grinnell	IA
Groten	Groton	CT
Growton	Groton	CT
Geuydan	Gueydan	LA
Gulf port	Gulfport	MS
Hacenda Heights	Hacienda Heights	CA
Haicenda Heights	Hacienda Heights	CA
Haisenda Heights	Hacienda Heights	CA
Hasenda Heights	Hacienda Heights	CA
Hadly	Hadley	MA
Hagerston	Hagerstown	MD
Hagerton	Hagerstown	MD
Hains	Haines	AK
Haynes	Haines	AK
Hayns	Haines	AK
Hanies City	Haines City	FL
Haynes City	Haines City	FL
Haleyvile	Haleyville	AL
Hamdin	Hamden	CT
Hamelton	Hamilton	TX
Hamiltown	Hamilton	TX
Hamondsport	Hammondsport	NY
Hanibal	Hannibal	MO
Hartferd	Hartford	CT
Hartsele	Hartselle	AL
Hasting	Hastings	NE
Hatiesburg	Hattiesburg	MS
Hattesburg	Hattiesburg	MS
Haversstraw	Haverstraw	NY
Haysvile	Haysville	KS
Heracles	Hercules	CA
Hercales	Hercules	CA
Hershy	Hershey	PA
Hurshy	Hershey	PA
Hialaeh	Hialeah	FL
Hialeh	Hialeah	FL
Hileah	Hialeah	FL
Holtvile	Holtville	CA
Hollyoak	Holyoke	MA
Hollyoke	Holyoke	MA
Holyoak	Holyoke	MA
Honerker	Honaker	VA
Hunaker	Honaker	VA
Honnolulu	Honolulu	HI
Honololu	Honolulu	HI
Honoluluu	Honolulu	HI
Hot Spring	Hot Springs	AR
Hoston	Houston	TX
Houstin	Houston	TX
Huoston	Houston	TX
Huston	Houston	TX
Heuytown	Hueytown	AL
Huntingdon Beach	Huntington Beach	CA
Huntly	Huntley	IL
Huntsvile	Huntsville	AL
Huntsvile	Huntsville	TX
Llwaco	Ilwaco	WA
Indepandence	Independance	MO
Indianna	Indiana	PA
Indeo	Indio	CA
Indianaopolis	Inianapolis	IN
Enola	Inola	OK
Inolah	Inola	OK
Iselton	Isleton	CA
Isletun	Isleton	CA
Istelon	Isleton	CA
Jakson	Jackson	MI
Jakson	Jackson	MS
Jacksonvile	Jacksonville	AL
Jacksonvile	Jacksonville	FL
Jameston	Jamestown	ND
Japser	Jasper	AR
Jenings	Jennings	KS
Jenings	Jennings	LA
Jerom	Jerome	AZ
Jersy City	Jersey City	NJ
Johnsson City	Johnson City	TN
Johnston	Johnstown	PA
Joeliet	Joliet	IL
Jolliet	Joliet	IL
Jonesborough	Jonesboro	AR
Jonesburo	Jonesboro	AR
Jonesboro	Jonesborough	TN
Jeenay	Juneau	AK
Jenau	Juneau	AK
Junaeu	Juneau	AK
Junaeu	Juneau	AK
Calamazoo	Kalamazoo	MI
Kalamazo	Kalamazoo	MI
Kalispel	Kalispell	MT
Kalisspell	Kalispell	MT
Kanapolis	Kannapolis	NC
Kansus City	Kansas City	KS
Kanses City	Kansas City	MO
Caufman	Kaufman	TX
Kafman	Kaufman	TX
Kufman	Kaufman	TX
Keansberg	Keansburg	NJ
Kene	Keene	NH
Kenne	Keene	NH
Kaiser	Keizer	OR
Kaizer	Keizer	OR
Keiser	Keizer	OR
Keizar	Keizer	OR
Kellso	Kelso	WA
Kanai	Kenai	AK
Keani	Kenai	AK
Kenei	Kenai	AK
Kinai	Kenai	AK
Kenesaw	Kennesaw	GA
Kennisaw	Kennesaw	GA
Kenten	Kenton	TN
Keokuck	Keokuk	IA
Kiokuck	Keokuk	IA
Kiokuk	Keokuk	IA
Kechikan	Ketchikan	AK
Kecthikan	Ketchikan	AK
Ketchekan	Ketchikan	AK
Kewane	Kewanee	IL
Kewanne	Kewanee	IL
Kingsvile	Kingsville	TX
Kirikland	Kirkland	WA
Kircwood	Kirkwood	MO
Kerwin	Kirwin	KS
Kirwen	Kirwin	KS
Kuhnick	Knik	AK
Kunik	Knik	AK
Nik	Knik	AK
Knoxvile	Knoxville	TN
Codiak	Kodiak	AK
Kodiac	Kodiak	AK
Cocomo	Kokomo	IN
Kocomo	Kokomo	IN
La Crose	La Crosse	KS
Lafayate	Lafayatte	LA
Lafayatt	Lafayatte	LA
Lake Benten	Lake Benton	MN
Lake Binton	Lake Benton	MN
Lake Auswego	Lake Oswego	OR
Laramy	Laramie	WY
Las Vagas	Las Vegas	NV
Lathrup	Lathrop	MO
Lebannon	Lebanon	TN
Lebanonn	Lebanon	TN
Lecompt	Lecompte	LA
Leneksa	Lenexa	KS
Lenor	Lenoir City	TN
Leeola	Leola	SD
Loela	Leola	SD
Loeti	Leoti	KS
Leuus	Lewes	DE
Lewis	Lewes	DE
Lexingtown	Lexington	KY
Lexingtown	Lexington	MA
Lemon	Limon	CO
Linclon	Lincoln	AL
Linculn	Lincoln	AL
Linclon	Lincoln	NE
Lindin	Linden	CA
Lindborg	Lindsborg	KS
Lethonia	Lithonia	GA
Littel Rock	Little Rock	AR
Lokport	Lockport	NY
Laudy	Lodi	CA
Lody	Lodi	CA
Lordy	Lodi	CA
Lowdy	Lodi	CA
Lomberd	Lombard	IL
Lompack	Lompac	CA
Lumpac	Lompac	CA
Lumpack	Lompac	CA
Long Baech	Long Beach	CA
Long Beech	Long Beach	CA
Los Angels	Los Angeles	CA
Los Angleles	Los Angeles	CA
Los Angles	Los Angeles	CA
Louisvile	Louisville	KY
Loop City	Loup City	NE
Lowel	Lowell	AR
Lowel	Lowell	MA
Lenchburg	Lynchburg	VA
Lynchberg	Lynchburg	VA
Mancester	Machester	NH
Madisen	Madison	WI
Magie Valley	Maggie Valley	NC
Mallvern	Malvern	AR
Malverne	Malvern	AR
Manchestar	Manchester	CT
Manhatan	Manhattan	KS
Manhatan	Manhattan	NY
Manferd	Mannford	OK
Manford	Mannford	OK
Mannferd	Mannford	OK
Maryon	Marion	IN
Marionvile	Marionville	MO
Marrysvile	Marysville	CA
Marrysville	Marysville	CA
Marysvile	Marysville	CA
Marysvile	Marysville	KS
Maton	Mattoon	IL
Matton	Mattoon	IL
MacAlen	McAllen	TX
MacAllen	McAllen	TX
McAlen	McAllen	TX
MacCloud	McCloud	CA
MCloud	McCloud	CA
McMinnvile	McMinnville	TN
McMinvile	McMinnville	TN
McMinville	McMinnville	TN
Medfeild	Medfield	MA
Melborn	Melbourne	FL
Melborne	Melbourne	FL
Melburne	Melbourne	FL
Memfis	Memphis	TN
Merked	Merced	CA
Murced	Merced	CA
Meridith	Meredith	NH
Mariden	Meriden	CT
Merriden	Meriden	CT
Meryden	Meriden	CT
Merseiles	Merseilles	IL
Merselles	Merseilles	IL
Mersiles	Merseilles	IL
Misick	Mesick	MI
Metropalis	Metropolis	IL
Maimi	Miami	FL
Miame	Miami	FL
Myame	Miami	FL
Myami	Miami	FL
Midletown	Middletown	CT
Midlothien	Midlothian	TX
Mildthoian	Midlothian	TX
Milepeters	Milipitas	CA
Milipiters	Milipitas	CA
Millipeters	Milipitas	CA
Millipitas	Milipitas	CA
Milinocket	Millinocket	ME
Millinoket	Millinocket	ME
Milepitas	Milpitas	CA
Milwake	Milwaukee	WI
Milwakee	Milwaukee	WI
Mineapolis	Minneapolis	MN
Minnapolis	Minneapolis	MN
Minneaoplis	Minneapolis	MN
Meshawaka	Mishawaka	IN
Mishawacka	Mishawaka	IN
Misoula	Missoula	MT
Missola	Missoula	MT
Missula	Missoula	MT
Modisto	Modesto	CA
Montery	Monterey	CA
Muntgomery	Montgomery	AL
Mountgomery	Montgomery	MN
Muntgomery	Montgomery	MN
Monticelo	Monticello	MN
Morten	Morton	IL
Mount Idah	Mount Ida	AR
Mount Plaesent	Mount Pleasant	TX
Mount Pleasant	Mount Pleasant	TX
Mount Pleasent	Mount Pleasant	TX
Mountain Veiw	Mountain View	AR
Muskigon	Muskegon	MI
Mertle Beach	Myrtle Beach	SC
Napervile	Naperville	IL
Nashuwa	Nashua	NH
Nashvile	Nashville	AR
Nashvile	Nashville	GA
Nashvile	Nashville	TN
Nagatuck	Naugatauk	CT
Naguatuck	Naugatauk	CT
Nagutuck	Naugatauk	CT
Naugatack	Naugatauk	CT
Naugatuck	Naugatauk	CT
Nedarland	Nederland	CO
Noesho	Neosho	MO
New Britin	New Britain	CT
Brenswick	New Brunswick	NJ
Brunswik	New Brunswick	NJ
New Castel	New Castle	PA
New Havan	New Haven	CT
New Heaven	New Haven	CT
New Orlaens	New Orleans	LA
New Rochele	New Rochelle	NY
New Roshele	New Rochelle	NY
New Roshelle	New Rochelle	NY
New Elm	New Ulm	MN
New York City	New York	NY
New Yurk City	New York	NY
nyc	New York	NY
Neuark	Newark	NJ
Newbury	Newberry	MI
Nuberry	Newberry	MI
Newberyport	Newburyport	MA
Nuuman	Newman	GA
Nuuport	Newport	RI
Niagra Falls	Niagara Falls	NY
Norko	Norco	CA
Normann	Norman	OK
North Adums	North Adams	MA
North Loop	North Loup	NE
North Plate	North Platte	NE
North Tonwanda	North Tonawanda	NY
Northhampton	Northampton	MA
Northhamptown	Northampton	MA
Northfeild	Northfield	MN
Norwhich	Norwich	CT
Norwitch	Norwich	CT
Oak Rigde	Oak Ridge	TN
Okeland	Oakland	NE
Ocaen City	Ocean City	NJ
Ocoei	Ocoee	FL
Ocooe	Ocoee	FL
Okooe	Ocoee	FL
Ofallen	O'Fallen	MO
Odgensburg	Ogdensburg	NY
Ogdensberg	Ogdensburg	NY
Oceechobe	Okeechobee	FL
Oceechobee	Okeechobee	FL
Okechobee	Okeechobee	FL
Oaklohoma City	Oklahoma City	OK
Oklaoma City	Oklahoma City	OK
Olath	Olathe	KS
Alnee	Olney	IL
Olnee	Olney	IL
Omeha	Omaha	NE
Onrway	Onaway	MI
Unaway	Onaway	MI
Oneil	O'Neill	NE
O'Neil	O'Neill	NE
Orim	Orem	UT
Urem	Orem	UT
Ormend Beach	Ormond Beach	FL
Orovile	Oroville	CA
Owray	Ouray	CO
Uray	Ouray	CO
Owensborough	Owensboro	KY
Oxnerd	Oxnard	CA
Osark	Ozark	AL
Pacifika	Pacifica	CA
Paecifica	Pacifica	CA
Padukah	Paducah	KY
Palicade	Palisade	CO
Plam Springs	Palm Springs	CA
Pamama Beach	Panama City Beach	FL
Pananma Beach	Panama City Beach	FL
Parsins	Parsons	KS
Paesadena	Pasadena	CA
Pasedena	Pasadena	CA
Patarson	Paterson	NJ
Pautucket	Pawtucket	RI
Peebody	Peabody	MA
Pearsonvile	Pearsonville	CA
Personville	Pearsonville	CA
Pensecola	Pensacola	FL
Pensicola	Pensacola	FL
Peeoria	Peoria	IL
Peorhia	Peoria	IL
Pert Amboy	Perth Amboy	NJ
Perth Amboi	Perth Amboy	NJ
Peruu	Peru	IN
Petersberg	Petersburg	WV
Felps	Phelps	NY
Philedelphia	Philadelphia	PA
Philidelphia	Philadelphia	PA
Piladelphia	Philadelphia	PA
Fenix	Phoenix	AZ
Phenix	Phoenix	AZ
Pheonix	Phoenix	AZ
Pikevile	Pikeville	KY
Pinhurt	Pinehurst	NC
Pitsburg	Pittsburg	KS
Pittburg	Pittsburg	KS
Pittsburgh	Pittsburg	KS
Pitsberg	Pittsburgh	PA
Pitsburg	Pittsburgh	PA
Pitsburgh	Pittsburgh	PA
Pittsberg	Pittsburgh	PA
Pittsburg	Pittsburgh	PA
Placervile	Placerville	CA
Plaserville	Placerville	CA
Planfeild	Plainfield	NJ
Planno	Plano	TX
Plemouth	Plymouth	MA
Plymoth	Plymouth	MA
Plymuth	Plymouth	MA
Pocatelo	Pocatello	ID
Poncatoula	Ponchatoula	LA
Ponchatola	Ponchatoula	LA
Ponchatula	Ponchatoula	LA
Port Land	Portland	OR
Pratvile	Pratville	AL
Prescot	Prescott	AZ
Preskie Isle	Presque Isle	ME
Presqu Isle	Presque Isle	ME
Prestin	Preston	MN
Provinceton	Provincetown	MA
Provvo	Provo	UT
Peublo	Pueblo	CO
Punsutawney	Punxsutawney	PA
Punsutawny	Punxsutawney	PA
Punxutawney	Punxsutawney	PA
Puxsutawny	Punxsutawney	PA
Percel	Purcell	OK
Percell	Purcell	OK
Persel	Purcell	OK
Persell	Purcell	OK
Purcel	Purcell	OK
Pursel	Purcell	OK
Kwincy	Quincy	IL
Kwinter	Quinter	KS
Quietman	Quitman	TX
Quiteman	Quitman	TX
Radferd	Radford	VA
Redford	Radford	VA
Raliegh	Raleigh	NC
Ralley	Raleigh	NC
Randolf	Randolph	NE
Rae	Ray	ND
Rae	Ray	ND
Rain	Rayne	LA
Raine	Rayne	LA
Rayn	Rayne	LA
Reeding	Reading	PA
Redmund	Redmond	WA
Redwod	Redwood City	CA
Redwould	Redwood City	CA
Readley	Reedley	CA
Reedly	Reedley	CA
Reehaboth Beach	Rehoboth Beach	DE
Reehoboth Beach	Rehoboth Beach	DE
Rihoboth Beach	Rehoboth Beach	DE
Rinfro	Renfro Valley	KY
Rino	Reno	NV
Rineback	Rhineback	NY
Richmend	Richmond	VA
Ria Ranco	Rio Rancho	NM
Roanoak	Roanoke	VA
Ronoke	Roanoke	VA
Rochesster	Rochester	NH
Rocester	Rochester	NY
Rokland	Rockland	ME
Rosco	Roscoe	NY
Rossco	Roscoe	NY
Roswel	Roswell	NM
Rumknee	Rumney	NH
Rumnee	Rumney	NH
Rumny	Rumney	NH
Russel Springs	Russell Springs	KS
Rutlend	Rutland	VT
Sackramento	Sacramento	CA
Sackremento	Sacramento	CA
Sacremento	Sacramento	CA
Siant Paul	Saint Paul	MN
Salam	Salem	MA
Selem	Salem	MA
Salam	Salem	MO
Salam	Salem	NH
Salam	Salem	OR
Salena	Salina	KS
San Agilo	San Angelo	TX
San Angilo	San Angelo	TX
San Deago	San Diego	CA
San Deigo	San Diego	CA
San Diago	San Diego	CA
San Francesco	San Francisco	CA
San Fransico	San Francisco	CA
San Hose	San Jose	CA
San Hosey	San Jose	CA
San Josay	San Jose	CA
Sandersvile	Sandersville	GA
Sangar	Sanger	CA
Sansem Park	Sansom Park	TX
Sansum Park	Sansom Park	TX
Santa Cruise	Santa Cruz	CA
Santa Fae	Santa Fe	NM
Santa Fay	Santa Fe	NM
Santa Monika	Santa Monica	CA
Santa Rosea	Santa Rosa	NM
Saraota	Sarasota	FL
Sarastoa	Sarasota	FL
Saratuga	Saratoga	WY
Sarahtoga Springs	Saratoga Springs	NY
Savanah	Savannah	GA
Schenactdy	Schenectady	NY
Schenctady	Schenectady	NY
Schnectady	Schenectady	NY
Scotdale	Scottsdale	AZ
Scotsdale	Scottsdale	AZ
Scrannton	Scranton	PA
Seeford	Seaford	DE
Seaside Hieghts	Seaside Heights	NJ
Sadalia	Sedalia	MO
Cedona	Sedona	AZ
Sedonna	Sedona	AZ
Sellma	Selma	CA
Sentaobia	Senatobia	MS
Sentobia	Senatobia	MS
Saverance	Severance	CO
Sevarance	Severance	CO
Shelbyvile	Shelbyville	TN
Shellbyvile	Shelbyville	TN
Shellbyville	Shelbyville	TN
Seerra Vista	Sierra Vista	AZ
Siera Vista	Sierra Vista	AZ
Seloam Springs	Siloam Springs	AR
Silaom Springs	Siloam Springs	AR
Siou City	Sioux City	IA
Sious City	Sioux City	IA
Soux City	Sioux City	IA
Soux Falls	Sioux Falls	SD
Sitca	Sitka	AK
Slokomb	Slocomb	AL
Slowcomb	Slocomb	AL
Soilders Grave	Soldiers Grove	WI
Soildiers Grove	Soldiers Grove	WI
Sulvang	Solvang	CA
Somervile	Somerville	MA
South Heven	South Haven	MI
Spartanberg	Spartanburg	SC
Spenser	Spencer	ID
Spokan	Spokane	WA
Springfeild	Springfield	IL
Springfeild	Springfield	MA
Springfeild	Springfield	MO
Spingvile	Springville	UT
Saint Albans	St. Albans	VT
St Albans	St. Albans	VT
St. Cluod	St. Cloud	MN
St Louis	St. Louis	MO
St. Martinvile	St. Martinville	LA
St Petersburg	St. Petersburg	FL
St. Petersberg	St. Petersburg	FL
Stamferd	Stamford	CT
Statan Island	Staten Island	NY
Statin Island	Staten Island	NY
Stillwell	Stilwell	OK
Stilwel	Stilwell	OK
Stocton	Stockton	CA
Stokton	Stockton	CA
Strongsvile	Strongsville	OH
Stutgart	Stuttgart	AR
Stutgartt	Stuttgart	AR
Seger Land	Sugar Land	TX
Shuger Land	Sugar Land	TX
Suger Land	Sugar Land	TX
Sugercreek	Sugarcreek	OH
Sumer	Summer	MO
Sumneer	Sumner	WA
Sun Prarie	Sun Prairie	WI
Sunyvale	Sunnyvale	CA
Sylacaga	Sylacauga	AL
Sylacuga	Sylacauga	AL
Tacomah	Tacoma	WA
Takoma	Tacoma	WA
Takomma Park	Takoma Park	MD
Takuma Park	Takoma Park	MD
Talint	Talent	OR
Telant	Talent	OR
Talahase	Tallahassee	FL
Talahasse	Tallahassee	FL
Talahassee	Tallahassee	FL
Tallahasee	Tallahassee	FL
Tallahasse	Tallahassee	FL
Toas	Taos	NM
Tarpun Springs	Tarpon Springs	FL
Terpon Springs	Tarpon Springs	FL
Terpun Springs	Tarpon Springs	FL
Taryall	Tarryall	CO
Taton	Tauton	MA
Tuton	Tauton	MA
Telleride	Telluride	CO
Toelleride	Telluride	CO
Terengua	Teringua	TX
Teringau	Teringua	TX
Tiringua	Teringua	TX
Tere Haute	Terre Haute	IN
Terre Hate	Terre Haute	IN
Texakana	Texarkana	AR
Texerkana	Texarkana	AR
Texaz City	Texas City	TX
Texsas City	Texas City	TX
The Colonny	The Colony	TX
Thomasvile	Thomasville	NC
Tolado	Toledo	OH
Tolido	Toledo	OH
Toambstone	Tombstone	AZ
Toamstone	Tombstone	AZ
Toner	Towner	ND
Toner	Towner	ND
Taverse City	Traverse City	MI
Travese City	Traverse City	MI
Troie	Troy	NY
Tuellake	Tulelake	CA
Telsa	Tulsa	OK
Toolsah	Tulsa	OK
Tucsaloosa	Tuscaloosa	AL
Tuscalosa	Tuscaloosa	AL
Tucson	Tuscon	AZ
Tucksegee	Tuskegee	AL
Tuskagee	Tuskegee	AL
Tieler	Tyler	TX
Tiler	Tyler	TX
Unadila	Unadilla	NE
Faldosta	Valdosta	GA
Valdusta	Valdosta	GA
Valey City	Valley City	OH
Valapariso	Valparaiso	IN
Valpariso	Valparaiso	IN
Vicksberg	Vicksburg	MS
Vicoria	Victoria	TX
Victorhia	Victoria	TX
Vidallia	Vidalia	GA
Wacco	Waco	TX
Wako	Waco	TX
Wala Wala	Walla Walla	WA
Walawala	Walla Walla	WA
Walla	Walla Walla	WA
Wallawalla	Walla Walla	WA
Walace	Wallace	ID
Wallis	Wallace	ID
Walthum	Waltham	MA
Warensberg	Warrensburg	MO
Warensburg	Warrensburg	MO
Warrensberg	Warrensburg	MO
Waroad	Warroad	MN
War Trace	Wartrace	TN
Wartrase	Wartrace	TN
Warwic	Warwick	GA
Warwik	Warwick	GA
Warwik	Warwick	RI
Wasko	Wasco	CA
Wosco	Wasco	CA
Wosko	Wasco	CA
Washingtown	Washington	MO
Waterbery	Waterbury	CT
Watervile	Waterville	ME
Watsonvile	Watsonville	CA
Wainesboro	Waynesboro	GA
Wayneboro	Waynesboro	GA
Waynesborough	Waynesboro	GA
Waynesboru	Waynesboro	GA
Waynesvile	Waynesville	OH
Wayneville	Waynesville	OH
Weatherferd	Weatherford	TX
Wetherford	Weatherford	TX
Weirten	Weirton	WV
Werton	Weirton	WV
West Havan	West Haven	CT
Westfeild	Westfield	MA
Westfeild	Westfield	NY
Wetempka	Wetumpka	AL
Wichta	Wichita	KS
Wikenburg	Wickenburg	AZ
Wilard	Willard	OH
Williamsberg	Williamsburg	VA
Wilimantic	Willimantic	CT
Willamantic	Willimantic	CT
Wilits	Willits	CA
Willets	Willits	CA
Wils Point	Wills Point	TX
Willmingten	Wilmington	DE
Willmington	Wilmington	DE
Wilmingten	Wilmington	DE
Willmington	Wilmington	IL
Willminton	Wilmington	IL
Wilminton	Wilmington	IL
Wilmingtown	Wilmington	NC
Wilmingtown	Wilmington	OH
Winstconstin Dells	Wisconsin Dells	WI
Winfeild	Winfield	AL
Winemuca	Winnemucca	NV
Winemucca	Winnemucca	NV
Winnemuca	Winnemucca	NV
Winokski	Winooski	VT
Winoski	Winooski	VT
Winston Salam	Winston-Salem	NC
Wochester	Worcester	MA
Worchester	Worcester	MA
Worthingtown	Worthington	MN
Senia	Xenia	OH
Xenea	Xenia	OH
Yackima	Yakima	WA
Yonkars	Yonkers	NY
Yunkers	Yonkers	NY
Yurba Linda	Yorba Linda	CA
Uba City	Yuba City	CA
Uma	Yuma	AZ
Zanesvile	Zanesville	OH
